fly,split,start_time_s,frames_drawn,rollout_end_error_model_mm,rollout_end_error_physics_mm,onestep_median_model_mm,onestep_median_physics_mm,onestep_win_rate
1,train,883.2750854492188,108,33.460872854110264,20.015046343416284,0.028530217016022465,0.15138414849346227,0.897196261682243
2,train,13.46679973602295,108,16.080293481808493,7.343360700946111,0.031030775548455805,0.18174288148250603,0.9532710280373832
3,train,1292.5458984375,108,30.59036351375822,14.40469834354097,0.03468431029667418,0.14026349810378672,0.9345794392523364
4,test,1160.2327880859375,108,21.578714971919428,8.611197363293726,0.031963278856060706,0.11182402712086748,0.9065420560747663
5,train,212.57359313964844,108,17.141120238441637,3.462032848509058,0.03560415656710211,0.17183748752466851,0.9252336448598131
6,train,869.5242919921875,108,21.02543928451336,19.76637969550665,0.025573381929420384,0.1410007476935646,0.9439252336448598
7,train,949.5499267578125,108,26.53914927151479,7.067013022450572,0.022929876782705465,0.12322731933913514,0.9439252336448598
8,train,1063.1962890625,108,29.997414441685073,6.192574211313443,0.031907266757830385,0.15768834101629506,0.9345794392523364
9,train,1221.16845703125,108,21.1528057804846,9.12292398272044,0.019509845821947834,0.11727189455437141,0.9626168224299065
10,test,595.8995971679688,108,32.789369079536925,16.852380495162137,0.026240025650134124,0.12777176264009676,0.9439252336448598
11,val,1349.6387939453125,108,22.83355583707357,16.099316850939864,0.022981867746727107,0.11844645728998657,0.9719626168224299
12,train,1189.2919921875,108,22.73132708833083,6.817460119398086,0.025760303864365248,0.12093344038514178,0.8878504672897196
13,train,1599.472900390625,108,15.601442681320576,3.6763950285538716,0.027581433798054087,0.17000534981316331,0.9719626168224299
14,train,1460.6270751953125,108,22.374716036341695,3.9001023479924704,0.022504266485474198,0.09481023978150722,0.9626168224299065
15,test,1426.43310546875,108,31.623123435631552,8.161766708136032,0.02658914339349421,0.161754399952579,0.9626168224299065
16,test,761.8897094726562,108,22.43141544160827,10.177470915285754,0.024939700865564338,0.10938514951490293,0.9345794392523364
17,test,1292.3055419921875,108,33.37261262992037,13.484327157243863,0.02504547096189139,0.1426201363726016,0.9626168224299065
18,val,1395.0986328125,108,29.845075865573314,10.794390011944621,0.03078900229291836,0.1654228207547375,0.9626168224299065
19,train,1578.5306396484375,108,28.427544193773038,4.868359128748844,0.030929602158844136,0.17280196768813458,0.9906542056074766
20,train,255.5417022705078,108,21.768082346585487,16.74374759153153,0.02938250080489743,0.13818552788612534,0.9626168224299065
21,train,1.0666999816894531,108,21.848163506336604,8.449946351192557,0.04175370607081212,0.2210067116146373,0.9626168224299065
22,train,229.92430114746094,108,13.769854150124,1.2052679122314214,0.025056332937641333,0.14200795768441443,0.9813084112149533
23,train,1155.3175048828125,108,23.304126302824724,18.0670788034831,0.029222264897985472,0.1432548683924,0.9813084112149533
24,test,1484.43505859375,108,19.858540338142802,7.68487334766812,0.027542097616257553,0.16663053205812983,0.9439252336448598
25,train,992.34619140625,108,28.650319457584466,3.559811880618608,0.027519239694682347,0.15982285231916782,0.9252336448598131
26,train,21.75029945373535,108,16.408742017343112,5.097780917504913,0.03661594211646458,0.18817319940268667,0.9532710280373832
27,train,1298.8223876953125,108,22.539445902098386,25.334265372922886,0.024606434597575482,0.13397050826102588,0.9439252336448598
28,train,699.4910278320312,108,21.383589408684088,5.336656030938613,0.023096608879778734,0.09753052986511697,0.9065420560747663
29,train,864.8759765625,108,22.269661146935174,12.686781590102237,0.020523985021320763,0.10481123216451967,0.9345794392523364
30,train,174.65570068359375,108,18.970936086905024,10.522446098336978,0.030459320610748245,0.19221066301661133,0.9626168224299065
31,train,887.7982788085938,108,27.429820601112496,12.02729040196375,0.027124102129468846,0.1343540550151801,0.9532710280373832
32,val,987.2020263671875,108,34.564053533946584,11.469556398475056,0.024356972576312804,0.124780082594362,0.9719626168224299
33,val,1256.927978515625,108,32.11536419062041,23.40442227036757,0.028062335116052845,0.1615043968695861,0.9065420560747663
34,train,826.4959106445312,108,19.75065109071545,2.887845431644031,0.023338823271536337,0.1449334207229094,0.9439252336448598
35,train,1370.399169921875,108,20.921217594082826,25.497128889641225,0.024081371851171172,0.11683055252389153,0.9532710280373832
36,train,977.5352172851562,108,27.25048442618612,14.488322972210385,0.03182656307968071,0.1681412454971069,0.9719626168224299
37,test,1441.9659423828125,108,33.960855998534676,8.932017986967537,0.02954109084478302,0.1443480894504991,0.9626168224299065
38,train,687.6580200195312,108,24.069974506445753,28.561014060262323,0.026360481503633265,0.15344117231954205,0.9626168224299065
39,train,1255.0789794921875,108,31.923074781545896,16.760098403525728,0.024862623295825396,0.11963165779379717,0.9532710280373832
40,train,1106.6070556640625,108,25.228179022924532,4.742426236721088,0.026185903424677606,0.16760528693131052,0.9719626168224299
41,test,1125.85791015625,108,30.260778088758123,5.040408031655409,0.028887705041751394,0.13822115689726686,0.9345794392523364
42,train,83.6854019165039,108,20.923658572377523,8.430538026494839,0.028956220071151107,0.15369661916930166,0.9532710280373832
43,train,1342.9654541015625,108,32.32521671599464,19.366804340238286,0.0296096262875642,0.13535054681379746,0.9345794392523364
44,train,1110.5570068359375,108,27.385873186637113,6.960936959294057,0.023615912544588016,0.12999420166911171,0.9626168224299065
45,train,474.56689453125,108,18.103031925889415,7.8734703810757125,0.026951965335033697,0.13365264623987644,0.9532710280373832
46,train,917.283203125,108,21.379295257785575,7.0436846397622865,0.028214659448015614,0.15027479241894537,0.9439252336448598
47,val,1176.8580322265625,108,31.26947608190082,21.046951663212205,0.026444963013226176,0.1428423256368212,0.9719626168224299
48,test,925.7963256835938,108,33.70079086903062,21.433830159186087,0.02765380114573169,0.13845349301127752,0.9813084112149533
49,train,1001.3015747070312,108,20.307558180863477,6.978113534829543,0.02294459627164213,0.14584285967636876,0.9719626168224299
50,train,141.37060546875,108,15.589633415436799,7.709544319667806,0.02620802116015641,0.16625247693750123,0.9906542056074766
51,train,917.815185546875,108,17.194676436582956,14.992603843195152,0.02795808137761994,0.1349412570632617,0.9813084112149533
52,train,1763.2110595703125,108,34.79169883268732,16.293153054862053,0.03216363993162804,0.13153958152753178,0.9252336448598131
53,val,1526.169921875,108,16.40220104141233,3.7724844600235556,0.024187683618369274,0.1394711147357412,0.9532710280373832
54,test,724.0750122070312,108,24.757272982460325,4.4111644714619,0.025488925567605725,0.13824976856001706,0.9158878504672897
55,test,734.3052978515625,108,9.082144022967968,8.203156673053245,0.024326041502310523,0.13906482497191128,1.0
56,train,1765.845458984375,108,17.666573138402033,12.682173278621608,0.03349961645055907,0.15207709135993108,0.9065420560747663
57,train,696.6209716796875,108,18.12319672813195,9.909592907384996,0.02077162844038922,0.11621237006877212,0.9439252336448598
58,val,1311.5457763671875,108,19.84190046419937,5.157876947995405,0.029948957945240155,0.12925397514040995,0.897196261682243
59,test,1279.9058837890625,108,20.52767538767166,4.120686417221432,0.024500467742704583,0.11880355936321554,0.9626168224299065
60,test,1269.0555419921875,108,16.013911931161953,4.434190143471938,0.021724410924166774,0.10090261210808253,0.9626168224299065
61,val,887.980224609375,108,15.974267356951811,8.157318905281361,0.02559888511856168,0.15425456385899894,0.9626168224299065
62,train,1620.4735107421875,108,21.88933521937087,9.13578861408814,0.0334404514752414,0.15417050223867418,0.9719626168224299
63,val,872.2271728515625,108,13.92200931473765,4.329575655660569,0.031151724277315593,0.15697845684435138,0.9532710280373832
64,train,1705.20947265625,108,17.11811208770627,15.035842804579772,0.02590825511556385,0.1521965715859394,0.9719626168224299
65,train,204.35679626464844,108,12.877444271177989,6.900731995419864,0.02506847915924289,0.1223289611177647,0.9439252336448598
66,train,1521.0035400390625,108,23.186549891411218,9.604470773588575,0.0325984492616708,0.1570818456067721,0.9345794392523364
67,train,528.1497192382812,108,16.000277986093007,5.324461723044605,0.027177275382713667,0.14581194523366023,0.9439252336448598
68,test,97.21929931640625,108,15.05941758980347,13.506674983158643,0.030599104561909486,0.20341247944449461,0.9813084112149533
69,train,1191.492431640625,108,22.17031131159568,12.316423475045696,0.02498887939928122,0.11739108352287571,0.9532710280373832
70,train,1290.495849609375,108,22.64117788412008,18.729467417414785,0.031190667783885753,0.13096712375329633,0.9626168224299065
71,train,1385.7783203125,108,20.22351660463404,2.031709048641293,0.02807927959960481,0.13014152852743988,0.9345794392523364
72,train,751.6765747070312,108,24.367408976568345,17.260408004658025,0.024837131140833163,0.1413548891809383,0.9626168224299065
73,train,1165.6544189453125,108,29.20266067694276,13.613334440923479,0.021452324438823354,0.13237824361418535,0.9626168224299065
74,test,1625.7030029296875,108,20.02435622604031,1.8164306626188793,0.020663813232323604,0.11530433966853307,0.9439252336448598
75,train,1038.003662109375,108,15.201008697713899,5.1032601438803,0.027339802032158873,0.12406402438299652,0.9813084112149533
76,val,1348.27685546875,108,23.0997800192437,10.701137347191624,0.026319564977934164,0.12901334807659073,0.9532710280373832
77,test,1717.1611328125,108,20.199785046291808,4.163450631642168,0.031186302431737745,0.1405209450882933,0.9252336448598131
78,train,1049.3538818359375,108,24.61973547450393,10.372118283542529,0.026237511420066573,0.13070316587177233,0.9532710280373832
79,test,1499.8656005859375,108,19.783414246787714,9.254151514747814,0.023429071018984036,0.09552175386308467,0.897196261682243
80,train,1341.080810546875,108,21.734673972514862,17.2339796986331,0.027408195166695043,0.12517160169418484,0.9532710280373832
81,train,950.0307006835938,108,24.229205585247307,11.566344261785414,0.023334107643424237,0.10857873569934895,0.9158878504672897
82,test,1666.65380859375,108,21.44598179489371,16.228306664879312,0.025744276928921717,0.13025080315244988,0.9813084112149533
83,train,1717.84423828125,108,25.61904362794841,4.881050397792066,0.026457869122312704,0.11881871398276919,0.9439252336448598
84,train,793.561279296875,108,23.492595946314044,2.5419411855061664,0.021261777403547566,0.11421217240320333,0.9626168224299065
85,train,831.4937133789062,108,13.159901266099393,6.086645587903487,0.022242207254824564,0.11287229929637156,0.9065420560747663
86,train,973.1348266601562,108,20.127925238850892,5.721645576999096,0.02394087100009832,0.12855048121433701,0.9345794392523364
87,train,1116.65283203125,108,18.755581468918265,10.499280533894488,0.021174201768446654,0.10865279791547039,0.9532710280373832
88,val,1117.106201171875,108,16.76623955758084,5.6603230412827505,0.021321492922287688,0.09166130534477897,0.9626168224299065
89,train,1171.4713134765625,108,22.009813893412918,9.669047822337637,0.025743399014605962,0.12612753266505172,0.9439252336448598
90,train,1709.4107666015625,108,20.132469565440307,9.62576992298726,0.025936418838917084,0.13199990973134867,0.9345794392523364
91,train,1308.3092041015625,108,12.510894474665138,12.466012334880451,0.018194446605339018,0.09946360318229867,0.9719626168224299
92,train,994.4522705078125,108,23.791116963985722,13.79025752584146,0.022327360924135783,0.12304524491230052,0.9813084112149533
93,train,1571.3177490234375,108,23.0395874063599,22.713076634476643,0.0249446298623937,0.1294116536318751,0.9345794392523364
94,val,442.3143005371094,108,27.371634911267794,8.455936906844396,0.02053485071814244,0.11787556866524318,0.9626168224299065
95,val,1183.4925537109375,108,21.18554369815236,9.069447478348357,0.027363019244388144,0.13000268936842826,0.9719626168224299
96,train,1475.185546875,108,26.28575731901893,8.1624960776334,0.037092801436896056,0.15480752057511915,0.9252336448598131
97,train,1138.0867919921875,108,21.526684154739236,4.7914309649044355,0.027922506322685985,0.13823432168157007,0.9439252336448598
98,val,1589.0233154296875,108,19.355729004536812,11.180964690285423,0.022038758260660866,0.12304591146171803,0.9626168224299065
99,test,1182.5716552734375,108,19.737759093376326,7.763855450515541,0.020407098822442224,0.11814129578991704,0.9532710280373832
100,train,904.0460815429688,108,15.518407613044351,25.607562929083645,0.024509306263269793,0.11114024909440594,0.9439252336448598
101,train,1288.745849609375,108,23.677729733816598,11.614304956730686,0.03211444804498093,0.1748691998772069,0.9532710280373832
102,train,1117.52294921875,108,24.966810587592942,4.446276658590373,0.025685817598209586,0.14171008667589197,0.9813084112149533
103,train,1003.58251953125,108,18.909581459832253,6.3803072984070255,0.025008313717500334,0.1172389162008549,0.9345794392523364
104,test,1534.054443359375,108,19.31455469543451,17.741428095966366,0.025447088349809716,0.14669907607233387,0.9813084112149533
105,train,1144.1539306640625,108,19.39995312990558,17.770377028094263,0.024530988282456995,0.10756552328615682,0.9532710280373832
106,train,1586.690185546875,108,21.074229751687433,14.117175357046618,0.026995118867731142,0.14866026665474602,0.9532710280373832
107,test,234.9407958984375,108,14.436450538566122,4.15181888815531,0.018932912492981735,0.088955346385445,0.9439252336448598
108,test,1629.8414306640625,108,19.89838256940347,10.161013822493837,0.020801453302549885,0.12419394662376844,0.9719626168224299
109,train,593.5358276367188,108,19.12205180410693,7.350862056198345,0.027408028459545434,0.14615895849489496,0.9906542056074766
110,train,1109.789306640625,108,17.782680141813476,17.02875388225683,0.021331905867535066,0.11006592844749535,0.9345794392523364
111,train,1689.3712158203125,108,22.749606110866903,15.804103137664224,0.026529427570677812,0.1277992767518079,0.9532710280373832
112,train,1614.641357421875,108,17.15645024875041,10.981592200553804,0.021531332741265972,0.10962473335026188,0.9719626168224299
113,train,1325.7431640625,108,17.50368775036358,11.131044124368637,0.020731906042891962,0.10604139104641201,0.9532710280373832
114,train,1204.5928955078125,108,16.72919432290801,11.661068430549182,0.022328305421529263,0.10885424208809855,0.9158878504672897
115,train,1505.382080078125,108,20.255015411326955,20.595271512669886,0.028570439777258445,0.15247725886897273,0.9906542056074766
116,train,1124.5732421875,108,25.347531951574336,19.811012919001836,0.02567798532885036,0.15305605251339857,1.0
117,test,1768.4735107421875,108,20.321772920228657,12.053316455200951,0.02375299845967651,0.1086692405817378,0.9813084112149533
118,train,1382.2154541015625,108,20.687656838306065,13.532773176003593,0.02539243783570926,0.12714491586793153,0.9532710280373832
119,train,1734.9556884765625,108,19.522763561072995,6.383880344526639,0.020028909223840822,0.09434012065424432,0.9439252336448598
120,test,1203.8758544921875,108,18.586975499917813,15.07071488395708,0.022491026641327266,0.12332603752691272,0.9813084112149533
121,train,1709.805419921875,108,23.348154045100564,16.818693920392043,0.023783136003238434,0.12322744548872243,0.9345794392523364
122,train,2147.648193359375,108,14.447509219817373,5.230102564442991,0.02894155522780988,0.151155640504868,0.9252336448598131
123,train,1371.29150390625,108,18.225747772180533,10.649989062310036,0.021471877908499512,0.09095539901321371,0.897196261682243
124,test,1547.329833984375,108,12.312617426017441,7.117303209871997,0.023218862798962,0.13312629573850726,0.9813084112149533
125,test,2496.159912109375,108,15.93765235527378,14.462425165797375,0.0234829142747915,0.12929202492095582,0.9719626168224299
126,train,1815.2891845703125,108,27.649989429685355,4.739652741630773,0.028760383883332217,0.14140386083177428,0.9813084112149533
127,train,2626.44677734375,108,16.488425702623008,6.532204965103607,0.02741331606464717,0.13832758558957145,0.9532710280373832
128,train,111.65299987792969,108,13.066591381644168,23.579543631643418,0.02446886946262075,0.13839458173390343,0.9813084112149533
129,train,1575.0147705078125,108,17.66505597702207,18.036099565553936,0.028840286735919166,0.13092714401580371,0.9626168224299065
130,train,955.9124755859375,108,12.466263272658086,7.9848607862924155,0.02165204382277194,0.10538007847989588,0.9345794392523364
131,test,653.3704223632812,108,12.694240944922562,4.3797629521099735,0.02483374538299784,0.13552265855991252,0.9813084112149533
132,train,875.8472900390625,108,19.080771374222582,10.889238013558172,0.028063228738364535,0.1464135385145188,0.9813084112149533
133,train,2379.533203125,108,19.25065474062819,24.983210620700675,0.027149235751919683,0.13735702043513748,0.9719626168224299
134,train,1296.545654296875,108,22.803731887243835,16.89109044733319,0.028219759799762666,0.16589363323450096,0.9719626168224299
135,train,1512.6195068359375,108,27.111077451424812,6.619197770293191,0.030453019943132504,0.14989504143283178,0.9532710280373832
136,train,1827.1636962890625,108,31.6500267017764,20.136591093562807,0.02646077733952092,0.16422597718035464,0.9719626168224299
137,train,2627.72509765625,108,17.20454028929537,2.1181504322469906,0.02368753155160585,0.1346176501947156,0.9158878504672897
138,train,2309.68701171875,108,23.26130112824752,8.79939306425381,0.023708941162807935,0.12322827515688219,0.9439252336448598
139,train,1161.4691162109375,108,12.555348898424056,4.268830940527298,0.023400454758276228,0.10399466379745227,0.9439252336448598
140,train,572.8842163085938,108,18.805070741338806,6.685843531329486,0.026640842612933566,0.10756624569604774,0.9439252336448598
141,train,2603.579833984375,108,15.380993997901871,7.914913934059927,0.024584577583929283,0.11317697928889418,0.9345794392523364
142,train,388.6134033203125,108,14.0934699034788,1.740876335742746,0.026405847177950848,0.11677809791788764,0.9252336448598131
143,test,2006.3541259765625,108,19.92308989832001,5.111303286876641,0.0237719025166728,0.13103488586181,0.9813084112149533
144,train,291.9921875,108,14.331084845059173,2.761546206490993,0.020340561907504957,0.12401290685990879,0.9719626168224299
145,train,2357.44921875,108,25.493523095846385,11.086372444911504,0.02624652194849971,0.1878836285424276,0.9626168224299065
146,test,2548.1279296875,108,15.137796904223904,3.5395898818911915,0.032937508360392,0.17523009148964896,0.9906542056074766
147,train,1197.8768310546875,108,19.520049149985464,25.02590498833727,0.021938755726590195,0.1204325830087673,0.9532710280373832
148,train,1679.9610595703125,108,11.084929248261304,12.474647204487304,0.021654941650743196,0.09794434522674977,0.9065420560747663
149,test,1258.9620361328125,108,22.444348105099845,19.56587689187018,0.023514667305355976,0.11063419525023505,0.9345794392523364
150,test,782.1447143554688,108,13.056685368761451,33.97026655868271,0.024354395940280837,0.10735437488807432,0.9252336448598131
151,train,955.7509765625,108,28.744421317123948,30.093590243473013,0.025373642542857806,0.14212766034827473,0.9813084112149533
152,val,1484.3035888671875,108,25.057429884773477,12.827120920369111,0.02755980953366483,0.13292297339187706,0.9626168224299065
153,train,1151.9578857421875,108,24.646899432972585,32.14738971829482,0.03144452821368595,0.164142042358733,0.9532710280373832
154,train,765.627197265625,108,17.906664212338438,21.378706136013378,0.03046646618449026,0.13086212975367856,0.9158878504672897
155,test,1736.22900390625,108,22.661035191224713,23.466773213430727,0.02299664920157364,0.11926811186454292,0.9439252336448598
156,test,269.7756042480469,108,12.530329582921938,1.608084002220134,0.030166797318152257,0.17001633452459117,0.9719626168224299
157,train,863.1298217773438,108,21.470012513295547,32.34009976010629,0.026840784353763508,0.14446124867784543,0.9439252336448598
158,train,959.783203125,108,19.90260626980497,21.52157241813396,0.026678578511909815,0.11353488648152327,0.9158878504672897
159,test,1491.3646240234375,108,13.514565326231855,2.835527013974737,0.018481954976597367,0.10110737199569043,0.9626168224299065
160,test,1208.0384521484375,108,17.52521526807115,5.1509797551977385,0.022443166238122886,0.09861544719460641,0.9065420560747663
161,test,1670.337158203125,108,16.587991593437867,11.872148870390319,0.02570564502060624,0.11671010469395761,0.9439252336448598
162,train,1212.221435546875,108,22.14646438715481,21.135815149695997,0.033919813303985136,0.1650828311276945,0.9532710280373832
163,train,1329.7095947265625,108,16.42616874563771,19.113035929829675,0.02559828204095784,0.11416066998852399,0.9439252336448598
164,test,878.911376953125,108,23.134520912687233,25.79465827972753,0.026230164433449773,0.11144755069223544,0.9158878504672897
165,train,975.4146728515625,108,15.786013983817357,8.430532020699406,0.028108731195789667,0.13641881735074154,0.9813084112149533
166,train,1168.7872314453125,108,21.341057971266373,4.474409048054814,0.022525853285683094,0.1390883973889421,0.9813084112149533
167,train,1386.3277587890625,108,19.14615697254826,5.816199308219977,0.023886322495995746,0.12465025274024419,0.9813084112149533
168,train,938.9636840820312,108,11.846823831513042,18.825557076622403,0.021739643565892516,0.09838653733213687,0.9626168224299065
169,train,1323.025146484375,108,18.014651411444863,8.048752853675937,0.029274247988306867,0.13149358158624874,0.9626168224299065
170,val,1555.2490234375,108,24.343767314074512,16.510754207271358,0.02814615477976576,0.12825015754588584,0.9158878504672897
171,train,1623.3685302734375,108,32.98563551286067,16.16160664549547,0.026745245079345066,0.13973155033473766,0.9345794392523364
172,train,1228.25634765625,108,21.75335161915076,39.755004766102346,0.026656943879838215,0.13102252353889382,0.9813084112149533
173,train,1133.8199462890625,108,21.991794953355292,2.2986786404927506,0.025586532311022495,0.1254477511165198,0.9626168224299065
174,train,1515.3658447265625,108,17.87168996161883,13.377516357093592,0.02291261230095998,0.13412553452839668,0.9813084112149533
175,train,1143.6859130859375,108,20.374433442141214,17.300369101434093,0.02302594091066782,0.1060164715839665,0.9439252336448598
176,train,1782.2578125,108,23.993298965727995,21.881517780767176,0.02434252543568248,0.1303880930815999,0.9252336448598131
177,train,714.4227905273438,108,23.75066437010685,16.091302768958087,0.02806852643811917,0.13927983692335863,0.9345794392523364
178,train,800.8585815429688,108,24.50954162216927,12.62312856282386,0.026036896301668236,0.16171838234267405,0.9719626168224299
179,train,1251.49072265625,108,18.263167771230524,8.692795763968363,0.018788914216281673,0.11162080565790429,0.9626168224299065
180,test,316.5773010253906,108,21.03542339491213,12.570733533467408,0.026157664987757095,0.13580038453468946,0.9532710280373832
181,train,81.80229949951172,108,16.144705876379618,7.064549422898861,0.026040240317071587,0.16553131218673894,0.9532710280373832
182,val,133.2541961669922,108,19.769492480724818,7.668168142687874,0.03294317861011734,0.1809368359177421,0.9626168224299065
183,train,442.4483947753906,108,15.218553735960962,27.879713738833363,0.023638220724220615,0.13909375721307,0.9532710280373832
184,test,881.3618774414062,108,21.875773520036592,20.837796627931123,0.02500393842680169,0.1406607868972973,0.9719626168224299
185,train,226.79029846191406,108,15.185054022385762,9.562022536991023,0.02827227382656752,0.17392286024595816,0.9626168224299065
186,train,755.49267578125,108,26.42438021313667,36.259230113567085,0.020960905359706277,0.11150600029135457,0.9719626168224299
187,test,944.9661254882812,108,13.920272779315479,32.83706702203813,0.02863628773017206,0.16492508546196474,0.9345794392523364
188,train,270.42559814453125,108,9.834806709251701,24.29873916699141,0.019540679051544725,0.10829917024916115,0.9626168224299065
189,train,258.02508544921875,108,17.50336767590489,8.811126267432792,0.018235812139844834,0.09220592309811658,0.9719626168224299
190,train,1083.4849853515625,108,30.841729286754852,1.93868994910988,0.03254149014398707,0.18236579412418158,0.9532710280373832
191,train,1668.004150390625,108,11.737543562910023,7.944749460962698,0.025808550344078005,0.1313074644110273,0.9439252336448598
192,train,13.683500289916992,108,13.069467271605843,6.07844216463992,0.016714317457110533,0.13192377989991838,0.9906542056074766
193,val,382.41290283203125,108,14.645533836955936,40.323959610473835,0.032225331919048965,0.1540533512605847,0.9719626168224299
194,test,167.82200622558594,108,21.04225913508774,12.14016551842745,0.03345050168783403,0.183603308577371,0.9439252336448598
195,train,454.96551513671875,108,21.18403704205088,12.891445836837136,0.02519140032596604,0.1317044095684401,0.9532710280373832
196,train,122.28700256347656,108,17.727224661001415,4.828274789295159,0.028866336677555175,0.1450353025266501,0.9719626168224299
197,train,900.0120849609375,108,16.447918605113525,12.952291192235116,0.01991554645428643,0.11639706429429367,0.9532710280373832
198,train,201.256103515625,108,22.05849954426201,9.87399102434365,0.02931329905454621,0.13921216324485008,0.9719626168224299
199,train,1207.305419921875,108,22.925104118793556,14.402380861892413,0.026469059600847087,0.13205668216629518,0.9813084112149533
200,train,388.2789001464844,108,24.63733418097431,21.472089961406937,0.022566877511440472,0.10246894722642187,0.9158878504672897
201,train,714.9918823242188,108,19.39473379462937,19.201071555169825,0.020641264494448024,0.11314580588465048,0.9813084112149533
202,train,682.5740966796875,108,16.27964785087644,23.233233704856854,0.02656790105747389,0.12608671737913799,0.9626168224299065
203,test,394.99591064453125,108,17.824522830440365,6.017639279224149,0.02795975724658984,0.1262543364454363,0.9532710280373832
204,train,15.733499526977539,108,12.918555114652905,5.602486345182929,0.025973928535624566,0.14392171389144107,1.0
205,train,40.83420181274414,108,13.878982109600464,7.937967056654914,0.022068746888578395,0.13729155936304865,0.9813084112149533
206,test,362.86151123046875,108,18.197811343909205,6.663135253282667,0.024261015384014123,0.15804760502623608,0.9906542056074766
207,train,532.3018798828125,108,30.03895151226826,13.492932080696855,0.029887579794084507,0.14722081924703853,0.9345794392523364
208,val,1139.1236572265625,108,22.63714526098679,10.443544943972256,0.023322544221423946,0.13817200038404015,0.9906542056074766
209,train,669.3734741210938,108,24.119801925875905,41.735455547735384,0.021708277080317775,0.12480360117511546,0.9532710280373832
210,train,1734.905517578125,108,18.712088711704357,7.669862363357397,0.025182067451989875,0.14915869989078856,0.9065420560747663
211,train,1641.552490234375,108,12.320625468973494,5.144993626598298,0.021432976611814973,0.09235699461848956,0.9252336448598131
212,test,203.22279357910156,108,13.046923864195298,2.0060564845363276,0.021493167361553083,0.12611890404794554,0.9532710280373832
213,val,1617.657958984375,108,20.705351314459737,9.728783141512476,0.02804530334196641,0.12165665538660528,0.9532710280373832
214,train,1038.1370849609375,108,14.879529471573472,12.383077468642892,0.027860671455311035,0.1294082573732569,0.9719626168224299
215,test,1240.6944580078125,108,15.661246024513014,6.836963130256265,0.029045656011707898,0.11386480955719605,0.897196261682243
216,train,57.10129928588867,108,14.70228057391008,5.028826951849018,0.024701989712782844,0.14007126661215996,0.9626168224299065
217,train,290.7087097167969,108,20.62948762988308,13.357015764113575,0.026794526093750257,0.1573938919648055,0.9813084112149533
218,train,1199.6375732421875,108,25.719779736887716,16.628006548450674,0.024883847432548335,0.11761739027392107,0.9626168224299065
219,val,1425.9503173828125,108,16.97057006821912,8.025001624672338,0.024188547931898043,0.13495392015158195,0.9719626168224299
220,train,31.73390007019043,108,14.901081875423413,8.206846267972674,0.02571739218295136,0.1556051081338549,0.9626168224299065
221,train,36.900699615478516,108,14.052850698311302,3.5116747879013754,0.02669117940443389,0.13245732496578985,0.9252336448598131
222,train,657.1209106445312,108,20.973217948274527,12.673041471413203,0.028504677594796086,0.11885930400447761,0.8691588785046729
223,train,1227.88916015625,108,14.10730798515914,7.771237728707254,0.018760018439820742,0.0991790644878372,0.9532710280373832
224,train,607.4711303710938,108,15.697842682871581,5.444873800258607,0.022255186941846142,0.10826769883336927,0.9345794392523364
225,train,170.98890686035156,108,12.974711565963979,2.599395671914555,0.02480687900103747,0.1182594234868558,0.9532710280373832
226,test,139.88780212402344,108,15.099586960413408,14.758310061714818,0.02114914589000579,0.1088956554392651,0.9719626168224299
227,test,10.083499908447266,108,8.359550159769658,5.28541133478111,0.019110762783490692,0.1123021354851804,0.9719626168224299
228,test,337.4772033691406,108,9.745027457885385,5.852674870332436,0.016964760161366384,0.09396193141349928,0.9626168224299065
229,train,1687.68701171875,108,17.607573286974453,7.118323935544181,0.019425142289166752,0.0953472780104288,0.9532710280373832
230,val,11.750100135803223,108,14.218575784497355,2.4147806520531723,0.029057525041634027,0.15907131148845116,0.9813084112149533
231,train,1301.4288330078125,108,13.943892254973004,9.409632471795916,0.020529947024362984,0.1069227041932529,0.9345794392523364
232,train,1567.9383544921875,108,11.044537086196286,3.2724763118497835,0.018611532209008484,0.11456312960799905,0.9813084112149533
233,train,1699.50390625,108,11.670238944322834,3.0976261084173915,0.02728273203398648,0.12727979397342273,0.9626168224299065
234,train,651.8037719726562,108,9.959606496905096,11.605568162393173,0.018052488178376982,0.11497933111582184,0.9719626168224299
235,train,110.10330200195312,108,11.745703959843256,3.227122567875726,0.023138648573046764,0.14453547081813123,0.9626168224299065
236,test,3.450000047683716,108,14.2958569116887,3.4324412886060807,0.030574657362778115,0.16250543734140815,1.0
237,train,584.5037231445312,108,13.278043422600819,9.936608334485893,0.019551644254230387,0.10500068665659494,0.9906542056074766
238,val,1597.0511474609375,108,13.169744811113185,5.6765966657735465,0.022776527904794626,0.12070593879349677,0.9345794392523364
239,train,18.51689910888672,108,19.53152841528103,4.395191831443198,0.022261368658232476,0.11900194958552451,0.9719626168224299
240,test,1369.0438232421875,108,18.53745014026434,7.452053982183939,0.021131795457956,0.11421359213391516,0.9158878504672897
241,train,658.6876220703125,108,11.991098648383208,3.8557431946581393,0.022954372060978227,0.14373265661439238,0.9626168224299065
242,val,1056.81689453125,108,10.702256333452558,5.689916207069863,0.022718996289610337,0.13670926838166184,0.9719626168224299
243,train,1429.1121826171875,108,9.328425988906723,3.4685337474950884,0.01686700154024926,0.08149093578787187,0.9158878504672897
244,test,40.467498779296875,108,8.099794286702357,5.894262463308966,0.02303547637821822,0.1234240940294389,0.8878504672897196
245,train,1663.17529296875,108,12.118984095537495,0.7519444848724771,0.020906704450125855,0.09621187500598985,0.9626168224299065
246,train,535.0001220703125,108,12.20751094431365,3.70832843029961,0.024032665690652096,0.12075939557615621,1.0
247,train,253.39100646972656,108,16.66790282757525,13.23891410780282,0.02325388706217423,0.14860070909502684,0.9626168224299065
248,train,812.6423950195312,108,15.447631903703723,22.450054776987336,0.02304619624487692,0.1004501031862911,0.9532710280373832
249,train,1528.833251953125,108,25.12423024485096,6.107456796137234,0.02643179125900245,0.12110550121857572,0.9532710280373832
250,train,3015.081787109375,108,15.19635903646391,4.7654678282475675,0.01936107647874437,0.10750904474953174,0.9813084112149533
251,val,2885.1943359375,108,24.615260353062684,15.041252899904796,0.022494483167879283,0.12935624357444786,0.9532710280373832
252,train,127.42050170898438,108,22.747192302522556,13.462061676614809,0.02457751686536952,0.14034311056534246,0.9439252336448598
253,train,2621.32421875,108,19.74649151642385,10.760255664321981,0.024023252273512166,0.10793692932086178,0.9065420560747663
254,train,527.0498046875,108,12.434694430034625,6.054541864620441,0.024002230165417297,0.11321910693096979,0.897196261682243
255,train,2685.702392578125,108,22.918322667662434,14.760368718341882,0.025682780933006223,0.13920436817757473,0.9813084112149533
256,test,3347.273681640625,108,14.918258550315082,14.020636295998779,0.02923188670247085,0.1643405448631911,0.9626168224299065
257,val,3503.8955078125,108,15.069751053442138,2.145333197741797,0.023603097266949705,0.14187247211249304,0.9065420560747663
258,train,2009.7642822265625,108,17.194054861806784,7.301002447061847,0.021880864863075087,0.12589761959844992,0.9439252336448598
259,test,3449.69384765625,108,17.860973911909124,2.886749998751152,0.023660449708838467,0.13194609059107779,0.9345794392523364
260,train,1470.0135498046875,108,21.16864549804843,11.790667602985678,0.0216453777515594,0.10978745419984187,0.9906542056074766
261,train,2767.501953125,108,11.140153469383598,2.440861830510369,0.023287263719945092,0.11315902249480833,0.9719626168224299
262,train,1765.264892578125,108,21.84390310327087,9.306087961232794,0.02274495631551305,0.11799240113846304,0.9345794392523364
263,train,3495.678955078125,108,16.138747020126115,13.500189109016707,0.0236218871858872,0.13323858974019331,0.9532710280373832
264,train,2486.3916015625,108,28.89089435382038,18.37135344480727,0.030325440808915125,0.148476982679142,0.9626168224299065
265,train,2516.525634765625,108,11.929617919174397,2.919664099697188,0.02849561646556823,0.15206311806926792,0.9345794392523364
266,train,1324.3984375,108,17.99748443784539,8.566361355306768,0.023196921781614758,0.1277784585937433,0.9626168224299065
267,train,3337.506103515625,108,19.7934515888832,6.800575385966434,0.022742507408006287,0.13081887388166277,0.9345794392523364
268,train,2608.095703125,108,14.291619973002412,13.334191251054783,0.023466592870822638,0.14103199551919582,0.9906542056074766
269,train,3541.8466796875,108,21.111996881371493,16.700736321535864,0.02528824521313413,0.11151918277261806,0.8878504672897196
270,val,893.8656005859375,108,14.93125205011605,3.4498070825547273,0.0258928416430103,0.130177675542701,0.9345794392523364
271,val,1812.6827392578125,108,11.786096627316923,4.427889278087218,0.020920665553916556,0.11677648498862521,0.9719626168224299
272,val,2584.127685546875,108,25.523875752174288,19.94874611730655,0.027706442491201407,0.14927639914169796,0.9626168224299065
273,train,2719.106689453125,108,20.71012985803678,7.3960786001427214,0.029872652132728605,0.1909041207482618,1.0
274,train,730.9031982421875,108,16.27663271754827,7.706691091438017,0.02514912846252425,0.12435759370847911,0.9626168224299065
275,train,163.7541961669922,108,14.521717854073366,11.194866121496675,0.025112854617406772,0.10756794800290227,0.9532710280373832
276,train,425.5780944824219,108,17.218113249234246,4.421067828425192,0.025564588103022815,0.13109811264953192,0.9626168224299065
277,train,3031.499267578125,108,16.508643899366625,8.157375193485626,0.020928926806188696,0.14250056291698696,0.9719626168224299
278,train,3010.921142578125,108,23.712577460291932,7.165165834003555,0.024461719135867057,0.10942102913181634,0.9439252336448598
279,test,2836.57421875,108,19.341710242644975,3.815114532387057,0.023620467907259784,0.13528877866188907,0.9532710280373832
280,train,3290.822265625,108,13.086485276610723,2.9593880711258547,0.024843742424037557,0.11186718470991233,0.9626168224299065
281,test,214.539794921875,108,15.304193230949693,6.275453383317326,0.028049281826722474,0.13822690416438396,0.9626168224299065
282,test,3072.789794921875,108,15.98391292846869,5.070581929834944,0.023527617779609062,0.14236498625121985,0.9532710280373832
283,val,2953.935791015625,108,20.81549923144493,10.958205695594536,0.021891615296088723,0.10443538951750006,0.9439252336448598
284,train,2370.748779296875,108,17.38668384929046,7.6734511023700644,0.025520284255895687,0.11617377789266246,0.9345794392523364
285,train,2089.55029296875,108,10.270757324048201,8.951898687694285,0.022229991062110557,0.12107572890789156,0.9158878504672897
286,test,730.6923217773438,108,23.342211949983763,9.339558766002659,0.028765139981147433,0.11851487074384406,0.9252336448598131
287,train,2585.358642578125,108,17.875733365402386,9.802850242640655,0.019435236532543525,0.1230622181427819,0.9252336448598131
288,train,2751.905517578125,108,10.033749852626187,2.520258009918086,0.022444298118444173,0.13167531840830216,0.9439252336448598
289,train,3382.926025390625,108,18.500998891552975,7.920318040658192,0.027348963689426027,0.1414245256811053,0.9532710280373832
290,train,3515.730224609375,108,20.171421688754755,14.603838531506584,0.022898528084712794,0.11417901633520519,0.9439252336448598
291,train,2325.681396484375,108,23.07034786211702,7.133194536970853,0.028284063100490933,0.13623781712421285,0.9532710280373832
292,test,2954.88720703125,108,19.62561699092511,8.583068410688085,0.027035085119535816,0.13683411287425723,0.9252336448598131
293,train,3563.16357421875,108,23.357094349858404,13.584755303212626,0.027338371898574375,0.13200070436604544,0.9439252336448598
294,train,1202.0592041015625,108,16.810920919496503,3.879568158862546,0.021843116705491317,0.12403642640844907,0.9626168224299065
295,train,2143.992919921875,108,18.11212927088861,12.80949483441315,0.027145680122552578,0.13705495725105143,0.9719626168224299
296,train,3521.0087890625,108,18.554736408142976,14.583264359903541,0.024835186339613756,0.1422004465906245,0.9345794392523364
297,val,2585.67529296875,108,21.588426003701404,10.232759937354112,0.029099825996770634,0.13118144607055623,0.9626168224299065
298,train,2890.810302734375,108,29.941597706507327,24.43634015641889,0.027339125690406377,0.14499874785876973,0.9252336448598131
299,train,3261.355712890625,108,12.525706989176767,7.5734266798845065,0.02566562376599728,0.16464709144417589,0.9532710280373832
300,train,1815.4920654296875,108,24.642634224874847,15.87236661092069,0.022268482208303995,0.1146104736606056,0.9439252336448598
301,test,867.444580078125,108,23.02432304046863,8.791168082986324,0.030130428149457354,0.1586467565281351,0.9158878504672897
302,val,2049.52197265625,108,21.869410991226264,10.727902269962893,0.027776680832594523,0.14263524675604322,0.9719626168224299
303,train,3377.84130859375,108,21.2869324590459,11.02794400639584,0.02340686461537956,0.11261601056530245,0.9626168224299065
304,test,766.9368286132812,108,19.83749242834192,15.443377125603051,0.023481230797658924,0.1457973601986826,0.9532710280373832
305,train,2835.808349609375,108,22.736799907194737,12.377424034235684,0.030135990341765548,0.14866093395845734,0.9813084112149533
306,train,1264.0167236328125,108,38.814156889256246,24.39508090369767,0.03364537600429609,0.18376122957845614,0.9626168224299065
307,train,3463.425048828125,108,21.405580125988433,3.4073486199794467,0.02790962874341278,0.12035279486750544,0.9626168224299065
308,train,205.70620727539062,108,15.135951184657895,7.206358431979071,0.016775055605177287,0.09398956388316863,0.9439252336448598
309,train,955.03271484375,108,16.10089597152983,5.448078858848676,0.024762295641876906,0.133936135102343,0.9439252336448598
310,test,1143.3863525390625,108,12.070518572922243,3.0577623408489205,0.023079271506888148,0.1126146163686828,0.9532710280373832
311,train,1391.4276123046875,108,14.13871145411742,1.7490205754325123,0.02047356910816998,0.1221236432096752,0.9719626168224299
312,test,531.4334106445312,108,11.866202556032352,2.408453271239806,0.026570218530759287,0.12799453643776465,0.9532710280373832
313,train,1027.73583984375,108,18.61544132269158,12.095854932666722,0.029486662607967857,0.1535787750552882,0.9345794392523364
314,train,1397.733154296875,108,19.877505669329384,6.451187489531442,0.026071848620839774,0.12391227523818829,0.9532710280373832
315,test,169.1221923828125,108,14.140125654959279,7.801352715732581,0.02845302194220535,0.16235850136494273,0.9252336448598131
316,train,1633.1082763671875,108,19.46589480688103,3.8266255042552357,0.026037474553109216,0.12500396510118097,0.9532710280373832
317,train,1122.7696533203125,108,12.356553452018526,1.4790269772442401,0.024657396808568766,0.11799666632666543,0.9813084112149533
318,train,852.3941040039062,108,8.019056819460205,3.1208994014218283,0.01951767376054896,0.1160931867829739,0.9252336448598131
319,val,1139.8367919921875,108,15.19312559324262,8.858357023265778,0.023570740583698832,0.09884596344829959,0.9439252336448598
320,train,1179.1083984375,108,17.88553987356056,15.658585398760007,0.028146378078476877,0.13761612488034625,0.9532710280373832
321,train,781.2376708984375,108,11.399470352837652,2.4759413125315133,0.021819043646992154,0.09860476969190356,0.9439252336448598
322,train,1173.6317138671875,108,25.20661314224965,16.421199070103473,0.024010334725865775,0.1295417357956131,0.9626168224299065
323,test,1703.1785888671875,108,19.075684918147513,5.727033251977186,0.021985976109827787,0.13138343111566875,0.9813084112149533
324,train,188.97149658203125,108,17.47803160394512,10.653052147839356,0.022796698059599954,0.16058071628667084,0.9813084112149533
325,train,1668.11083984375,108,16.954642021231358,8.189978036605291,0.019774572107379988,0.12181699297388764,0.9813084112149533
326,test,70.75150299072266,108,12.741469786956367,1.4963428776504735,0.02857830190552221,0.15848697961274874,0.9345794392523364
